mergeCommitId,isMergeConflicting,conflictingFiles,parent1Id,parent1Files,parent2Id,parent2Files,ancestorId,numberOfConflicts
dd57843d543ae2d83ddd36545e9abc10267f5d66,false,[],105917c2f0cb2ef1200f2c5f12a304321b4f326d,[app/assets/javascripts/compute_resource.js],aa847c7c43919f568f0a69c5c8a84263eadfea10,[.eslintrc],d301d11d8141d924f20c4b6136f1607f8052b154,0
f8e709887e85ecf1b9c58084131751f0792d55f2,false,[],2e2e0c6bebefa94f96df8287d0361c8d8686e68b,[app/assets/javascripts/application.js@ app/assets/javascripts/host_edit.js@ app/controllers/api/v1/operatingsystems_controller.rb@ app/controllers/api/v1/reports_controller.rb@ app/controllers/api/v2/base_controller.rb@ app/controllers/api/v2/operatingsystems_controller.rb@ app/controllers/api/v2/override_values_controller.rb@ app/controllers/api/v2/reports_controller.rb@ app/controllers/api/v2/smart_class_parameters_controller.rb@ app/controllers/api/v2/smart_variables_controller.rb@ app/controllers/application_controller.rb@ app/controllers/concerns/foreman/controller/authentication.rb@ app/controllers/fact_values_controller.rb@ app/helpers/application_helper.rb@ app/helpers/fact_values_helper.rb@ app/helpers/hosts_helper.rb@ app/helpers/layout_helper.rb@ app/helpers/mediums_helper.rb@ app/helpers/operatingsystems_helper.rb@ app/helpers/ptables_helper.rb@ app/helpers/reports_helper.rb@ app/helpers/statistics_helper.rb@ app/models/compute_resources/foreman/model/libvirt.rb@ app/models/concerns/hostext/search.rb@ app/models/fact_name.rb@ app/models/fact_value.rb@ app/models/host/base.rb@ app/models/lookup_key.rb@ app/models/operatingsystem.rb@ app/models/operatingsystems/archlinux.rb@ app/models/operatingsystems/debian.rb@ app/models/operatingsystems/freebsd.rb@ app/models/operatingsystems/gentoo.rb@ app/models/operatingsystems/redhat.rb@ app/models/operatingsystems/solaris.rb@ app/models/operatingsystems/suse.rb@ app/models/operatingsystems/windows.rb@ app/models/puppetclass.rb@ app/services/fact_importer.rb@ app/services/facts_parser.rb@ app/services/puppet_fact_importer.rb@ app/views/api/v2/operatingsystems/main.json.rabl@ app/views/compute_resources_vms/form/libvirt/_volume.html.erb@ app/views/fact_values/_fact.html.erb@ app/views/fact_values/index.html.erb@ app/views/hosts/_assign_hosts.html.erb@ app/views/hosts/_list.html.erb@ app/views/media/_form.html.erb@ app/views/media/index.html.erb@ app/views/operatingsystems/_form.html.erb@ app/views/ptables/_form.html.erb@ app/views/ptables/index.html.erb@ bundler.d/assets.rb@ bundler.d/development.rb@ bundler.d/libvirt.rb@ db/migrate/20131014133347_add_compose_flag_and_short_name_to_fact_name.rb@ db/migrate/20131017142515_allow_null_values_on_fact_value.rb@ db/migrate/20131021125612_add_type_to_fact_name.rb@ db/migrate/20131021152315_change_name_index_on_fact_name.rb@ db/migrate/20131107094849_add_ancestry_to_fact_names.rb@ db/migrate/20131204174455_add_description_to_operatingsystem.rb@ foreman.spec@ test/functional/api/base_controller_subclass_test.rb@ test/functional/api/v2/operatingsystems_controller_test.rb@ test/integration/fact_value_test.rb@ test/integration/media_test.rb@ test/integration/operatingsystem_test.rb@ test/unit/fact_importer_test.rb@ test/unit/fact_value_test.rb@ test/unit/facts_parser_test.rb@ test/unit/host_test.rb@ test/unit/operatingsystem_test.rb],19f55923b71608e2a77f7aefd998c5b4ee7c9fd7,[app/assets/stylesheets/application.scss@ app/assets/stylesheets/bootstrap_and_overrides.scss@ app/helpers/layout_helper.rb@ app/views/common/_menu.html.erb@ app/views/layouts/application.html.erb@ app/views/layouts/base.html.erb],f1ce57f378daf2f7f24a0942ca297941234b77c2,0
41e445fe71487d5e79e062802f93a6217e654df8,false,[],d929ad8a9545b797f2c3a2b1f6a9d871f65bfe87,[bundler.d/facter.rb],f9a773198bb569d67b1fff0a90f4412276d33122,[app/assets/javascripts/host_edit.js@ app/views/compute_resources_vms/form/_libvirt.html.erb@ app/views/compute_resources_vms/form/_vmware.html.erb@ app/views/compute_resources_vms/form/libvirt/_network.html.erb@ app/views/compute_resources_vms/form/libvirt/_volume.html.erb@ app/views/compute_resources_vms/form/vmware/_network.html.erb@ app/views/compute_resources_vms/form/vmware/_volume.html.erb@ app/views/hosts/_compute.html.erb],385d99432171c5e7b4abee2ce273bd605969ec96,0
c27109efb3531d5534d4b414e121d67737398445,false,[],4e23701dfab08cb90680897e56f0327e95b12741,[app/helpers/application_helper.rb@ app/helpers/layout_helper.rb@ app/helpers/taxonomy_helper.rb@ app/models/taxonomix.rb@ app/models/taxonomy.rb@ app/views/common/_edit_habtm.erb@ app/views/domains/_form.html.erb@ app/views/hostgroups/_form.html.erb@ app/views/taxonomies/_form.html.erb@ config/locales/en-GB.yml@ config/locales/fr.yml@ locale/en_GB/foreman.po@ locale/fr/foreman.po@ test/unit/taxonomix_test.rb@ test/unit/taxonomy_test.rb],989f9de937feebd0fe598fc322ae534d22dcfefd,[extras/packaging/rpm/rel-eng/comps/comps-foreman-fedora18.xml@ extras/packaging/rpm/rel-eng/comps/comps-foreman-rhel6.xml],d8ba88420c96ca38a8924892db51730e92686373,0
700122c429c5d399f676b6ffdc3414ba694ea2e1,false,[],89b9ecb070b530641b005a1ef1437b7e3ed19c3d,[app/assets/images/sort_asc.png@ app/assets/images/sort_asc_disabled.png@ app/assets/images/sort_both.png@ app/assets/images/sort_desc.png@ app/assets/images/sort_desc_disabled.png@ app/assets/javascripts/application.js@ app/assets/javascripts/compute_resource.js@ app/assets/javascripts/host_edit.js@ app/controllers/puppetclasses_controller.rb@ app/helpers/application_helper.rb@ app/helpers/layout_helper.rb@ app/models/orchestration.rb@ app/models/orchestration/compute.rb@ app/models/user.rb@ app/views/common/_domain.html.erb@ app/views/common/_domain_subnet.html.erb@ app/views/common/os_selection/_architecture.html.erb@ app/views/common/os_selection/_operatingsystem.html.erb@ app/views/compute_resources_vms/form/_ovirt.html.erb@ app/views/compute_resources_vms/index/_openstack.html.erb@ app/views/hostgroups/_form.html.erb@ app/views/hosts/_form.html.erb@ app/views/hosts/_interfaces.html.erb@ app/views/hosts/_operating_system.html.erb@ app/views/hosts/_unattended.html.erb@ app/views/images/index.html.erb@ config/initializers/fast_gettext.rb@ db/migrate/20100628123400_add_internal_auth.rb@ foreman.spec@ locale/Makefile@ test/functional/users_controller_test.rb@ test/unit/user_test.rb],259a849c2525b1cf8771b18f60272c1d97d3e7b1,[extras/packaging/rpm/rel-eng/comps/comps-foreman-fedora18.xml@ extras/packaging/rpm/rel-eng/comps/comps-foreman-rhel6.xml@ extras/packaging/rpm/sources/foreman.gpg@ extras/packaging/rpm/sources/foreman.repo@ foreman.spec],7fab6ba6c7e6085bee5149953aa52a59d83e62f4,0
bc5e0126aa75042c93070d5df4a677503b42c663,false,[],12ae4553ca1837a262697fbd249aeca360f5593a,[app/models/host_observer.rb@ lib/core_extensions.rb@ public/javascripts/noVNC/rfb.js@ test/fixtures/roles.yml],bf27b2b668c21e2d1cb229aa84766d749a316f18,[app/views/hosts/_form.html.erb],d9b3a17325d3f46c188ba9c25c89385f9403b160,0
2d8527ca10567c4fadb928c0108dadcdcfb0bfbf,false,[],59be369d3651f86d372ff6777a5e8ec7e4b951a7,[.gitignore@ .travis.yml@ CHANGELOG@ Contributors@ Gemfile@ VERSION@ app/controllers/application_controller.rb@ app/controllers/audits_controller.rb@ app/controllers/bookmarks_controller.rb@ app/controllers/config_templates_controller.rb@ app/controllers/errors_controller.rb@ app/controllers/hosts_controller.rb@ app/helpers/application_helper.rb@ app/helpers/audits_helper.rb@ app/helpers/hosts_and_hostgroups_helper.rb@ app/helpers/hosts_helper.rb@ app/helpers/layout_helper.rb@ app/helpers/operatingsystems_helper.rb@ app/helpers/puppetclasses_and_environments_helper.rb@ app/models/architecture.rb@ app/models/audit.rb@ app/models/bookmark.rb@ app/models/common_parameter.rb@ app/models/compute_resource.rb@ app/models/config_template.rb@ app/models/domain.rb@ app/models/domain_parameter.rb@ app/models/environment.rb@ app/models/fact_value.rb@ app/models/facts_importer.rb@ app/models/group_parameter.rb@ app/models/host.rb@ app/models/host_class.rb@ app/models/host_common.rb@ app/models/host_parameter.rb@ app/models/hostgroup.rb@ app/models/medium.rb@ app/models/operatingsystem.rb@ app/models/orchestration.rb@ app/models/orchestration/ssh_provision.rb@ app/models/os_default_template.rb@ app/models/os_parameter.rb@ app/models/ptable.rb@ app/models/puppetclass.rb@ app/models/report.rb@ app/models/setting.rb@ app/models/user.rb@ app/views/audits/_row.erb@ app/views/audits/index.html.erb@ app/views/audits/show.html.erb@ app/views/bookmarks/_form.html.erb@ app/views/common/_searchbar.erb@ app/views/compute_resources_vms/form/_ec2.html.erb@ app/views/compute_resources_vms/show.html.erb@ app/views/compute_resources_vms/show/_libvirt.html.erb@ app/views/compute_resources_vms/show/_ovirt.html.erb@ app/views/config_templates/_combination.html.erb@ app/views/config_templates/_diff.erb@ app/views/environments/index.html.erb@ app/views/environments/welcome.html.erb@ app/views/hosts/_form.html.erb@ app/views/hosts/_overview.html.erb@ app/views/hosts/show.html.erb@ app/views/hypervisors/index.html.erb@ app/views/layouts/application.html.erb@ app/views/media/_form.html.erb@ app/views/media/index.html.erb@ app/views/operatingsystems/_form.html.erb@ app/views/ptables/_form.html.erb@ app/views/ptables/index.html.erb@ app/views/puppetclasses/_class_selection.html.erb@ app/views/puppetclasses/_classes.html.erb@ app/views/puppetclasses/index.html.erb@ app/views/unattended/gpxe_kickstart_config.erb@ app/views/unattended/kickstart.rhtml@ app/views/unattended/preseed.rhtml@ app/views/unattended/preseed_finish.rhtml@ app/views/unattended/pxe_kickstart_config.erb@ app/views/unattended/snippets/_epel.erb@ app/views/unattended/snippets/_puppet.conf.erb@ app/views/users/_form.html.erb@ bundler.d/console.rb@ bundler.d/development.rb@ bundler.d/fog.rb@ bundler.d/libvirt.rb@ bundler.d/mysql.rb@ bundler.d/mysql2.rb@ bundler.d/ovirt.rb@ bundler.d/postgresql.rb@ bundler.d/sqlite.rb@ bundler.d/test.rb@ bundler.d/vmware.rb@ config/application.rb@ config/routes.rb@ db/migrate/20100628123400_add_internal_auth.rb@ db/migrate/20101213085232_add_grubby_template.rb@ db/migrate/20110128130239_add_default_pxe_menu_template.rb@ db/migrate/20120604114049_add_epel_snippets.rb@ db/migrate/20120612070100_change_bookmark_column_to_text.rb@ db/migrate/20120613082125_rename_association_to_associated.rb@ db/migrate/20120620124658_fix_auditable_type.rb@ db/migrate/20120620124659_fix_associated_type.rb@ db/migrate/20120624093958_add_os_family_to_media.rb@ db/migrate/20120624094034_add_os_family_to_ptable.rb@ extras/ci/setup.sh@ lib/audit_extensions.rb@ lib/core_extensions.rb@ lib/fog_extensions.rb@ lib/fog_extensions/aws/flavor.rb@ lib/fog_extensions/libvirt/server.rb@ lib/fog_extensions/model.rb@ lib/fog_extensions/ovirt/server.rb@ lib/fog_extensions/ovirt/volume.rb@ lib/foreman.rb@ lib/foreman/controller/environments.rb@ lib/foreman/default_settings/loader.rb@ lib/foreman/model/ec2.rb@ lib/foreman/model/libvirt.rb@ lib/net/dns.rb@ lib/server_interfaces.rb@ public/images/glyphicons-halflings-white.png@ public/images/glyphicons-halflings.png@ public/images/ui-bg_flat_0_aaaaaa_40x100.png@ public/images/ui-bg_flat_55_fbec88_40x100.png@ public/images/ui-bg_glass_55_fbf9ee_1x400.png@ public/images/ui-bg_glass_65_ffffff_1x400.png@ public/images/ui-bg_glass_75_d0e5f5_1x400.png@ public/images/ui-bg_glass_75_dadada_1x400.png@ public/images/ui-bg_glass_75_e6e6e6_1x400.png@ public/images/ui-bg_glass_75_ffffff_1x400.png@ public/images/ui-bg_glass_85_dfeffc_1x400.png@ public/images/ui-bg_glass_95_fef1ec_1x400.png@ public/images/ui-bg_gloss-wave_55_5c9ccc_500x100.png@ public/images/ui-bg_highlight-soft_75_cccccc_1x100.png@ public/images/ui-bg_inset-hard_100_f5f8f9_1x100.png@ public/images/ui-bg_inset-hard_100_fcfdfd_1x100.png@ public/images/ui-bg_inset-soft_95_fef1ec_1x100.png@ public/images/ui-icons_217bc0_256x240.png@ public/images/ui-icons_222222_256x240.png@ public/images/ui-icons_2e83ff_256x240.png@ public/images/ui-icons_454545_256x240.png@ public/images/ui-icons_469bdd_256x240.png@ public/images/ui-icons_6da8d5_256x240.png@ public/images/ui-icons_888888_256x240.png@ public/images/ui-icons_cd0a0a_256x240.png@ public/images/ui-icons_d8e7f3_256x240.png@ public/images/ui-icons_f6cf3b_256x240.png@ public/images/ui-icons_f9bd01_256x240.png@ public/javascripts/ace/mode-diff.js@ public/javascripts/application.js@ public/javascripts/bootstrap.js@ public/javascripts/bootstrap.min.js@ public/javascripts/charts.js@ public/javascripts/config_template.js@ public/javascripts/diff.js@ public/javascripts/host_edit.js@ public/stylesheets/bootstrap-responsive.min.css@ public/stylesheets/bootstrap.min.css@ public/stylesheets/jquery-ui.css@ public/stylesheets/style.css@ test/fixtures/audits.yml@ test/fixtures/settings.yml@ test/functional/config_templates_controller_test.rb@ test/functional/environments_controller_test.rb@ test/functional/hosts_controller_test.rb@ test/unit/domain_test.rb@ test/unit/host_test.rb@ test/unit/user_test.rb],c3c88ca05525c7e7b9ae01242606e4cf188b15f6,[db/migrate/20120623002052_add_ok_hosts_book_mark.rb],c5ad288d3e715555779e2521f948d6a870e5e370,0
0effaef073f8b779aceabe6e8059ceb91495ec27,false,[],f1062692528adc645cb5ae3fb00aac589c51b31b,[.gitignore@ Gemfile@ app/controllers/dashboard_controller.rb@ app/controllers/fact_values_controller.rb@ app/controllers/hosts_controller.rb@ app/controllers/statistics_controller.rb@ app/controllers/unattended_controller.rb@ app/helpers/hosts_helper.rb@ app/helpers/layout_helper.rb@ app/models/archlinux.rb@ app/models/fact_value.rb@ app/models/host.rb@ app/models/hostext/search.rb@ app/models/orchestration.rb@ app/models/report.rb@ app/views/common/_edit_habtm.erb@ app/views/lookup_keys/_fields.html.erb@ app/views/puppetclasses/_class_selection.html.erb@ app/views/puppetclasses/_classes.html.erb@ app/views/users/login.html.erb@ config/database.yml@ config/database.yml.example@ public/images/foreman_background.png@ public/images/foreman_large.png@ public/stylesheets/style.css],6db0466223921cda68beef2f308feda87496765c,[.gitignore@ Gemfile],ba71c565baefbb183367e79dc1138c8258b457cb,0
dfcfbae1979f4874073d2e3db3486d7051d0fe3b,false,[],96ede451fc45d6d8e5786d62d4c92adc97c46ad3,[Gemfile@ app/controllers/compute_resources_controller.rb@ app/models/compute_resource.rb@ app/views/compute_resources/vms/form/_network.html.erb@ app/views/compute_resources/vms/form/_ovirt.html.erb@ app/views/compute_resources/vms/form/ovirt/_network.html.erb@ app/views/compute_resources/vms/form/ovirt/_volume.html.erb@ lib/foreman/model/libvirt.rb@ lib/foreman/model/ovirt.rb@ lib/server_interfaces.rb@ public/javascripts/compute_resource.js],ba3030203b28a0daca2791666d973edfc066f13f,[public/javascripts/host_edit.js],1721eaeeee76d4278a6ec47f6bfa829057e91967,0
81fad3903d5fb8baf3d7708fd632592e8c09eed7,false,[],a70ad0482338a540123b8aef45903ac125a7587f,[app/helpers/application_helper.rb],4213d2be6675528c2e9bd472906354fce97b8ca6,[Gemfile@ app/controllers/compute_resources/vms_controller.rb@ app/models/compute_resource.rb@ app/views/compute_resources/form/_vmware.html.erb@ app/views/compute_resources/vms/index/_vmware.html.erb@ lib/foreman/model/vmware.rb@ public/javascripts/compute_resource.js],33e8b65439f45417f66fc324f1639da80bea36c7,0
cdc1ccb967389336e0b2a46e99638bb904ecbb6b,false,[],0822e10328acf282a4760945a1cc16a083faa611,[app/controllers/dashboard_controller.rb@ app/helpers/application_helper.rb@ app/helpers/dashboard_helper.rb@ app/helpers/lookup_keys_helper.rb@ app/helpers/statistics_helper.rb@ app/models/host.rb@ app/views/hostgroups/_form.html.erb@ app/views/hosts/_list.html.erb@ app/views/hosts/_overview.html.erb@ app/views/hosts/_unattended.html.erb@ app/views/hosts/show.html.erb@ app/views/lookup_keys/_fields.html.erb@ app/views/lookup_keys/_value.html.erb@ app/views/puppetclasses/_form.html.erb@ app/views/reports/_metrics.rhtml@ public/javascripts/application.js@ public/javascripts/lookup_keys.js@ public/stylesheets/style.css@ test/unit/host_test.rb],550222d2677a75d1b7a5e535718d05d9f0f9de3f,[extras/debian/rules],3fb5cb34a0bbf5d170125b6da16d30afbf5ef9d0,0
75eec243d718571519944e619f802b0b0639f7e0,false,[],df886c98f48ce50b0dfe87a2a24ddd92dce1fb13,[app/controllers/settings_controller.rb@ app/helpers/application_helper.rb@ app/helpers/settings_helper.rb@ app/models/setting.rb@ app/views/settings/index.html.erb@ config/routes.rb@ public/images/edit-hover.png@ public/images/edit.png@ public/javascripts/application.js@ public/stylesheets/style.css],0c3e15d210a01b712b35ef07ccce31925ec08cd6,[app/models/orchestration/dhcp.rb@ app/models/solaris.rb@ lib/net.rb@ lib/net/dhcp.rb@ lib/net/dhcp/record.rb@ lib/net/dhcp/sparc_record.rb@ lib/net/dhcp_record.rb@ lib/proxy_api.rb@ test/lib/net/dhcp_test.rb@ test/lib/net/net_test.rb@ test/unit/orchestration/dhcp_test.rb],052dc65fc43ffd3801d13926e240a57b0ecdda5d,0
eb69696bb468b98c8999042ce8ccc29cb0a0f159,false,[],45dad022b1a92d0b07db5d17b98f7a338412fb70,[app/controllers/application_controller.rb@ app/controllers/fact_values_controller.rb@ app/controllers/hosts_controller.rb@ app/models/fact_value.rb@ app/models/host.rb@ app/models/parameter.rb@ app/models/report.rb@ app/views/fact_values/index.html.erb@ app/views/hosts/index.html.erb@ app/views/hosts/show.html.erb@ app/views/lookup_keys/index.html.erb@ app/views/puppetclasses/_class_selection.html.erb@ app/views/reports/show.rhtml@ config/routes.rb@ extras/git2release@ extras/spec/foreman.spec@ test/functional/hosts_controller_test.rb@ test/unit/common_parameter_test.rb],66125af69149e9cd0aa0ce9fd71abf93cf82909e,[app/controllers/application_controller.rb@ app/controllers/fact_values_controller.rb@ app/controllers/hosts_controller.rb@ app/models/fact_value.rb@ app/models/host.rb@ app/models/parameter.rb@ app/models/puppetclass.rb@ app/models/report.rb@ app/views/fact_values/index.html.erb@ app/views/hosts/index.html.erb@ app/views/hosts/show.html.erb@ app/views/lookup_keys/index.html.erb@ app/views/puppetclasses/_class_selection.html.erb@ app/views/reports/show.rhtml@ config/routes.rb@ extras/git2release@ extras/rdoc/rdoc_prepare_script.rb@ extras/spec/foreman.spec@ test/functional/hosts_controller_test.rb@ test/unit/common_parameter_test.rb],350ec75eb63757c461977895ae74c4f50cdea1d3,0
f4e560670244e5280320536d909eb1a3c48e6466,false,[],545bf556eadbb9a52f9f634d44ae64a3751ae70f,[app/controllers/hosts_controller.rb@ app/models/host.rb@ config/routes.rb@ test/functional/hosts_controller_test.rb],f8235aae8d580ec376de54017bec63f098479445,[app/controllers/hosts_controller.rb@ app/models/host.rb@ app/models/parameter.rb@ config/routes.rb@ test/functional/hosts_controller_test.rb@ test/unit/common_parameter_test.rb],4dd00cbc2ff9493af7b5290650e64f7c8258dff1,0
79abc5978c063a5c1108d139b245d0acb01fe2ad,false,[],dde34153852e25ad6dce1a8838e1dd3dbd1098b3,[app/controllers/application_controller.rb@ app/controllers/domains_controller.rb@ app/controllers/environments_controller.rb@ app/controllers/hostgroups_controller.rb@ app/controllers/hosts_controller.rb@ app/controllers/models_controller.rb@ app/controllers/operatingsystems_controller.rb@ app/controllers/puppetclasses_controller.rb@ app/controllers/reports_controller.rb@ app/controllers/usergroups_controller.rb@ app/controllers/users_controller.rb@ app/models/environment.rb@ app/models/puppetclass.rb@ app/models/redhat.rb@ app/views/architectures/welcome.html.erb@ app/views/audits/_search_line.html.erb@ app/views/auth_source_ldaps/welcome.html.erb@ app/views/common/_fact_selected.html.erb@ app/views/common/_puppetclasses_or_envs_changed.html.erb@ app/views/common/_searchbar.erb@ app/views/domains/welcome.html.erb@ app/views/environments/_form.html.erb@ app/views/environments/welcome.html.erb@ app/views/fact_values/_search_line.html.erb@ app/views/fact_values/welcome.html.erb@ app/views/home/_menu.erb@ app/views/hostgroups/welcome.html.erb@ app/views/hosts/_architecture.html.erb@ app/views/hosts/_form.html.erb@ app/views/hosts/_minilist.html.erb@ app/views/hosts/_search_line.html.erb@ app/views/hosts/_unattended.html.erb@ app/views/hosts/index.html.erb@ app/views/hosts/query.html.erb@ app/views/hosts/update_multiple_parameters.html.erb@ app/views/hosts/welcome.html.erb@ app/views/layouts/standard.rhtml@ app/views/lookup_keys/index.html.erb@ app/views/operatingsystems/_search_line.html.erb@ app/views/puppetclasses/_class_selection.html.erb@ app/views/puppetclasses/_classes.html.erb@ app/views/puppetclasses/_search_line.html.erb@ app/views/puppetclasses/index.html.erb@ app/views/puppetclasses/no_route.html.erb@ app/views/reports/_search_line.html.erb@ app/views/reports/show.rhtml@ app/views/reports/welcome.html.erb@ app/views/users/_form.html.erb@ config/environments/test.rb@ config/routes.rb@ public/stylesheets/style.css@ test/fixtures/environments.yml@ test/fixtures/hosts.yml@ test/fixtures/operatingsystems.yml@ test/functional/architectures_controller_test.rb@ test/functional/domains_controller_test.rb@ test/functional/environments_controller_test.rb@ test/functional/hosts_controller_test.rb@ test/functional/operatingsystems_controller_test.rb@ test/unit/environment_test.rb@ test/unit/puppetclass_test.rb@ vendor/plugins/proxy/lib/proxy.rb],dfd6c0710159c5f296aed6e1064c34c9540ae7d9,[public/stylesheets/style.css],7aee63b69dadc38a0e20771e86beb6c042fe610b,0
0a3ab2729211138e0d586ed0a9b88f4361b3e96a,true,[app/controllers/users_controller.rb],a0c0e14d1b501e8f99535162394369aa22118c18,[app/controllers/users_controller.rb@ app/models/user.rb@ app/views/users/index.html.erb],521aeea760e846313712d79e46f163d9fad2ce27,[app/controllers/users_controller.rb@ app/models/user.rb@ app/views/users/index.html.erb],0203bf27e3a9f6a766ea7c034c8da2750141b934,1
51f4174a5c7e6b2ac5d0b96080ca0e76aefffd70,false,[],b495586d0b119337cce803ba55cfbbba6fa801e4,[extras/spec/foreman.init@ extras/spec/foreman.spec@ extras/spec/foreman.sysconfig],cf2f76565425ee835f354e6240511ae9dd9d2050,[app/controllers/puppetclasses_controller.rb@ app/models/host.rb@ app/models/puppetclass.rb@ app/views/puppetclasses/index.html.erb@ lib/tasks/puppet.rake@ public/stylesheets/style.css],af6e26247d13fb6f25a9ee8293f34f93a2ae55d7,0
1cf43cf63f45dc51183253c198642e4a1ba107eb,false,[],2217ce9c5a668dbc755c3aff13597c5a1ab6986f,[app/controllers/auth_source_ldaps_controller.rb@ app/controllers/auth_sources_controller.rb@ app/helpers/auth_source_ldaps_helper.rb@ app/views/auth_source_ldaps/_form.html.erb@ app/views/auth_source_ldaps/edit.html.erb@ app/views/auth_source_ldaps/index.html.erb@ app/views/auth_source_ldaps/new.html.erb@ app/views/home/settings.erb@ config/routes.rb@ test/fixtures/auth_sources.yml@ test/functional/auth_source_ldaps_controller_test.rb@ test/functional/auth_sources_controller_test.rb],92971ae3afd2ac5e5a90bb377afe6cf8ce7452cd,[app/controllers/architectures_controller.rb@ app/controllers/common_parameters_controller.rb@ app/controllers/domains_controller.rb@ app/controllers/medias_controller.rb@ app/controllers/models_controller.rb@ app/controllers/operatingsystems_controller.rb@ app/controllers/ptables_controller.rb@ app/helpers/models_helper.rb@ app/models/parameter.rb@ app/views/architectures/edit.html.erb@ app/views/architectures/show.html.erb@ app/views/common_parameters/edit.html.erb@ app/views/common_parameters/index.html.erb@ app/views/common_parameters/show.html.erb@ app/views/domains/edit.html.erb@ app/views/domains/index.html.erb@ app/views/medias/_form.html.erb@ app/views/medias/edit.html.erb@ app/views/medias/index.html.erb@ app/views/medias/show.html.erb@ app/views/models/_form.html.erb@ app/views/models/edit.html.erb@ app/views/models/index.html.erb@ app/views/models/new.html.erb@ app/views/operatingsystems/_form.html.erb@ app/views/operatingsystems/edit.html.erb@ app/views/operatingsystems/index.html.erb@ app/views/operatingsystems/show.html.erb@ config/routes.rb@ test/fixtures/models.yml@ test/functional/architectures_controller_test.rb@ test/functional/common_parameters_controller_test.rb@ test/functional/domains_controller_test.rb@ test/functional/medias_controller_test.rb@ test/functional/models_controller_test.rb@ test/functional/operatingsystems_controller_test.rb],76b2f1b7b5f4febe79752a3d1f7d1524b5c06feb,0
93cc2df27f4a865fe9a9e143e7d0b5e780a93f92,false,[],c5f4351f0e47022ae75d10acfd7fc469e9ff4ae1,[app/controllers/hosts_controller.rb],07723734df400ee9851fa190aee2114444c6be9a,[app/controllers/unattended_controller.rb@ app/models/host.rb@ vendor/plugins/proxy/lib/proxy.rb],78c16ff7a4787fe7adf9bd5b911d77fa5170a745,0
a14a7c98b4cd3539e7659b77011d99bf3c8e9f1e,false,[],adb0dfd92b5dba8bd7c1adba0413799531f97cd4,[app/models/host_mailer.rb@ app/models/host_observer.rb@ app/models/report_observer.rb@ app/views/host_mailer/error_state.text.html.erb@ app/views/reports/_output.html.erb@ app/views/reports/show.rhtml@ config/environment.rb@ test/unit/report_observer_test.rb],f105e9321c78ba35673c3c5c0fa2909307bc2f42,[app/helpers/audit_helper.rb@ db/migrate/20100115021803_change_mysql_reports_column.rb],9925f8cf4adfdf261d2acc27994707aa01851a2d,0
ef813258c6cffbc20b11dc17c420f7e4f34af721,false,[],6926708cd677274e3fc2a6e28c45a96f172b3177,[vendor/plugins/acts_as_audited],2ff3805374164389f2106c2209624cf232cd446f,[.gitignore@ app/controllers/dashboard_controller.rb@ app/controllers/statistics_controller.rb@ app/models/fact_value.rb@ app/models/host.rb@ app/models/host_mailer.rb@ app/views/dashboard/index.html.erb@ app/views/host_mailer/summary.text.html.erb@ config/initializers/foreman.rb@ config/settings.yaml@ lib/tasks/hosts.rake@ lib/tasks/reports.rake],5b6c6024c56c2302c9412e35bd791c08d7cd2fd7,0
2079b0ccb73a20db1a0034ce26cff39f313d40d3,false,[],cf94f9c20b38d1d2cb8f22303ba56e9f421921f3,[app/models/report.rb@ app/views/dashboard/index.html.erb@ app/views/host_mailer/summary.text.html.erb],5f78df5573d9842329dac04aaf79272ee0739b63,[app/models/report.rb],8d773e2a3e88d1bd4e190878ed5bf9b8281bcb9b,0
937cf863c8fd5ccada577be6475362e71c8e3907,false,[],2c5c3b2bb34aa48d23bf78286bff3885e88f612f,[app/models/host_observer.rb],7f81c83fea400202a02683333d615aef5000b45b,[app/controllers/hosts_controller.rb],5bcca893569457759894615641bc6857e089a3f4,0
48578f0ec513a96af12a003619cf956469c3a107,false,[],4b9fa51d58e957e525e00b3b5505e48eafabf1fd,[app/controllers/hosts_controller.rb@ app/models/audit_sweeper.rb@ app/models/audit_trail.rb@ app/models/report.rb@ config/environments/development.rb@ db/migrate/20091016124919_create_audit_trails.rb@ test/fixtures/audit_trails.yml@ test/unit/audit_trail_test.rb],f685dd61660a8792ba3e8437c2bc024eeea6ee07,[.gitmodules@ app/controllers/application_controller.rb@ app/controllers/audit_controller.rb@ app/helpers/audit_helper.rb@ app/models/fact_value.rb@ app/models/host.rb@ app/models/report.rb@ app/models/user.rb@ app/views/home/_menu.erb@ db/migrate/20091017034029_add_audits_table.rb@ test/functional/audit_controller_test.rb@ test/unit/helpers/audit_helper_test.rb@ vendor/plugins/acts_as_audited],6584bde8ada22898a26403217ab497493cda4925,0
1a9bfa2405ae01b0216621cec992f5fab03748ed,false,[],e68965b6019f68a6f0d2ed6d85cf1d2f5a9811a2,[app/models/environment.rb],767bbf039219fa2486aa47359512e894898b81a0,[app/controllers/hosts_controller.rb@ app/controllers/reports_controller.rb@ app/helpers/hosts_helper.rb@ app/helpers/reports_helper.rb@ app/models/host.rb@ app/models/report.rb@ app/views/hosts/reports.rhtml@ app/views/reports/_details.rhtml@ app/views/reports/show.rhtml@ config/routes.rb],8fc865958bd681062b58881be67de9eab7c4c706,0
e68965b6019f68a6f0d2ed6d85cf1d2f5a9811a2,false,[],379d45b76c0f0c81e84fab692f9d75f43e95f41e,[app/models/environment.rb],8fc865958bd681062b58881be67de9eab7c4c706,[db/migrate/20090920043521_add_index_to_host.rb@ db/migrate/20090920064156_add_index_to_parameters.rb@ db/migrate/20090920065522_add_index_to_reports.rb],9f9a8052ad76658913f269745ca55c7bd5163c18,0
b5fd8e33c54d034fc0cc7bf889d5670c92485b37,true,[app/models/operatingsystem.rb],eafaf5f1ac16e602b62169f8f5bf4f0cf0fab45a,[app/controllers/hosts_controller.rb@ app/controllers/reports_controller.rb@ app/helpers/hosts_helper.rb@ app/helpers/reports_helper.rb@ app/models/operatingsystem.rb@ app/models/report.rb@ app/views/home/_menu.erb@ config/initializers/mime_types.rb@ config/routes.rb@ extras/puppet/reports/foreman.rb@ test/functional/reports_controller_test.rb@ test/unit/helpers/reports_helper_test.rb],2666435b3103cd53aff58bd0b3cb1e6884b5b134,[app/models/operatingsystem.rb@ db/schema.rb],7bd655eacac506fa3023fc17ca4169c7fd6be51a,1
c78f824f140ce92a2fba502adbc9917c67ae9b1e,false,[],eb748befeff7b89f73f173a30ffb1e7bc1245ef5,[app/views/unattended/preseed.rhtml],61a6c5e109a4dbba47d138de4a083825bc07167c,[app/controllers/hosts_controller.rb@ app/views/unattended/preseed.rhtml],22c60a07bf6a7eed9f3ed668ed6954e534b2cc2b,0
1187aa5bb0d8efe35e9731caa89c3ad8d6c02c54,false,[],c959c20c24d5ca59ac2ddeb5d4991321b304c146,[app/controllers/unattended_controller.rb],e577678a0f345bed95b277d7c3ecbb0c9298f11c,[README@ app/controllers/common_parameters_controller.rb@ app/controllers/domain_parameters_controller.rb@ app/controllers/domains_controller.rb@ app/controllers/group_parameters_controller.rb@ app/controllers/host_parameters_controller.rb@ app/controllers/hostgroups_controller.rb@ app/controllers/hosts_controller.rb@ app/controllers/medias_controller.rb@ app/controllers/operatingsystems_controller.rb@ app/controllers/parameters_controller.rb@ app/controllers/ptables_controller.rb@ app/controllers/puppetclasses_controller.rb@ app/helpers/host_groups_helper.rb@ app/helpers/hosts_helper.rb@ app/helpers/operatingsystem_helper.rb@ app/helpers/unattended_helper.rb@ app/models/common_parameter.rb@ app/models/domain.rb@ app/models/domain_parameter.rb@ app/models/environment.rb@ app/models/group_parameter.rb@ app/models/host.rb@ app/models/host_parameter.rb@ app/models/hostgroup.rb@ app/models/parameter.rb@ app/models/puppetclass.rb@ app/views/home/_topbar.rhtml@ app/views/home/settings.erb@ app/views/layouts/standard.rhtml@ app/views/unattended/jumpstart_finish.rhtml@ app/views/unattended/kickstart.rhtml@ app/views/unattended/preseed.rhtml@ app/views/unattended/preseed_finish.rhtml@ config/initializers/session_store.rb@ config/routes.rb@ config/settings.yaml@ db/migrate/20090730152224_create_ptables.rb@ db/migrate/20090905150131_create_hostgroups.rb@ db/migrate/20090905155444_add_type_to_parameter.rb@ db/migrate/20090907045751_add_domain_to_parameter.rb@ doc/README_FOR_APP@ extras/externalnodes/node.rb@ extras/jumpstart/README@ extras/jumpstart/dynamic_finish@ extras/jumpstart/dynamic_profile@ lib/tasks/puppet.rake@ public/favicon.ico@ public/images/favicon.ico@ public/stylesheets/style.css@ test/fixtures/hostgroups.yml@ test/functional/host_groups_controller_test.rb@ test/unit/helpers/host_groups_helper_test.rb@ test/unit/hostgroup_test.rb@ vendor/plugins/proxy/lib/proxy.rb],26a8190e492ce1f69db45e9de8526b9669f4f4f2,0
152204ad00e26da5fbef09399101120fd2233443,false,[],c7643fc91565b2f5f1d91eaf5f4fa0cfe3f1b1d9,[app/controllers/common_parameters_controller.rb@ app/controllers/domain_parameters_controller.rb@ app/controllers/domains_controller.rb@ app/models/common_parameter.rb@ app/models/domain.rb@ app/models/domain_parameter.rb@ app/models/host.rb@ app/views/home/settings.erb@ config/routes.rb@ db/migrate/20090907045751_add_domain_to_parameter.rb],eac234e0ee9c69d1b772cf9291558990c28bdd22,[app/controllers/hosts_controller.rb@ app/helpers/unattended_helper.rb@ app/models/host.rb@ app/views/layouts/standard.rhtml@ app/views/unattended/jumpstart_finish.rhtml@ app/views/unattended/kickstart.rhtml@ app/views/unattended/preseed.rhtml@ app/views/unattended/preseed_finish.rhtml@ config/initializers/session_store.rb@ config/settings.yaml@ doc/README_FOR_APP@ extras/externalnodes/node.rb@ extras/jumpstart/README@ extras/jumpstart/dynamic_finish@ extras/jumpstart/dynamic_profile@ lib/tasks/puppet.rake],e894d03a3fc5f15640527cdc1ba28b2828396471,0
959931efc36fefe0cbe77b589213f06a94c4a615,true,[app/models/host.rb@ app/views/unattended/kickstart.rhtml@ config/initializers/gni.rb],927e500a93dcd127290e96018af5b841875555d8,[.gitmodules@ README@ app/models/host.rb@ app/views/unattended/jumpstart_finish.rhtml@ app/views/unattended/kickstart.rhtml@ config/initializers/gini.rb@ config/initializers/gni.rb@ config/initializers/session_store.rb@ config/settings.yaml],c878e775d0d503fe388aa3b56037b9ba7fc72695,[.gitmodules@ README@ app/controllers/application_controller.rb@ app/controllers/domains_controller.rb@ app/controllers/hosts_controller.rb@ app/controllers/unattended_controller.rb@ app/helpers/hosts_helper.rb@ app/helpers/unattended_helper.rb@ app/models/environment.rb@ app/models/host.rb@ app/models/operatingsystem.rb@ app/models/puppetclass.rb@ app/views/unattended/jumpstart_finish.rhtml@ app/views/unattended/kickstart.rhtml@ config/initializers/gini.rb@ config/initializers/gni.rb@ config/initializers/session_store.rb@ config/settings.yaml@ db/migrate/20090730152224_create_ptables.rb@ lib/tasks/puppet.rake@ log/test.log@ public/images/false.png@ public/images/hosts/Linux.jpg@ public/images/hosts/SunOS.jpg@ public/images/hosts/attention_required.png@ public/images/hosts/warning.png@ public/images/true.png@ test/fixtures/ptables.yml@ test/unit/facts.yml@ test/unit/host_test.rb@ vendor/plugins/proxy/lib/proxy.rb@ vendor/plugins/render_component/lib/components.rb],0ce8fa05f45026602e0966980fe7cbc06c1748eb,4
a51a420f829002d3a0e8561aa1bf1486f3449906,false,[],766e0f384d9cca88b9bba17f50fa38f3593b0b90,[app/helpers/hosts_helper.rb],897264ee952db0624e65bb844344eb033ad410c3,[app/models/host.rb],774a8797a3cb753b5c9c2c5478aa86f95b7469ac,0
897264ee952db0624e65bb844344eb033ad410c3,false,[],1258651a7c54299e662e2d1100900d50942b80ca,[app/models/host.rb],774a8797a3cb753b5c9c2c5478aa86f95b7469ac,[app/controllers/unattended_controller.rb@ app/helpers/unattended_helper.rb@ app/models/host.rb],3d5d34a987ee6444ff1b6236803d8bb50ad0084f,0
1258651a7c54299e662e2d1100900d50942b80ca,true,[app/controllers/unattended_controller.rb@ app/helpers/unattended_helper.rb@ app/models/host.rb],8a0a3efc69f9b4f29562fc1375487a29ad41d001,[app/controllers/unattended_controller.rb@ app/helpers/unattended_helper.rb@ app/models/host.rb@ app/models/operatingsystem.rb@ app/views/unattended/kickstart.rhtml@ config/initializers/gni.rb@ db/migrate/20090730152224_create_ptables.rb@ vendor/plugins/proxy/lib/proxy.rb],3d5d34a987ee6444ff1b6236803d8bb50ad0084f,[app/controllers/unattended_controller.rb@ app/helpers/unattended_helper.rb@ app/models/host.rb@ app/models/operatingsystem.rb@ app/views/unattended/kickstart.rhtml@ config/initializers/gni.rb@ db/migrate/20090730152224_create_ptables.rb@ public/images/false.png@ public/images/true.png@ vendor/plugins/proxy/lib/proxy.rb],1938eb58c0be5e0619da17a70da568ddecd1204b,3
1ff38d3c4a9a6a24727af2278693ec63d358be5e,false,[],d654943083edd28a59e2185623897099ede79202,[README@ app/controllers/architectures_controller.rb@ app/controllers/domains_controller.rb@ app/controllers/environments_controller.rb@ app/controllers/operatingsystems_controller.rb@ app/controllers/ptables_controller.rb],0ce8fa05f45026602e0966980fe7cbc06c1748eb,[README@ app/controllers/architectures_controller.rb@ app/controllers/domains_controller.rb@ app/controllers/environments_controller.rb@ app/controllers/hosts_controller.rb@ app/controllers/operatingsystems_controller.rb@ app/controllers/ptables_controller.rb@ app/models/host.rb],80ce2367be41d19f55ec7e08ebc1b1e61c95ea87,0
9a04e4b62b10c26d0bed876535559cf6c0079d20,false,[],e22af92d45d10dc35108d524a8dd13d412b020e5,[README@ app/models/host.rb@ config/initializers/gini.rb@ config/initializers/puppet.rb@ db/migrate/20090714132448_create_hosts.rb@ lib/tasks/puppet.rake@ test/fixtures/architectures.yml@ test/fixtures/environments.yml@ test/fixtures/operatingsystems.yml@ test/unit/host_test.rb],1c87df3beb0a97143b4a092f5e9071576a316bc4,[db/migrate/20090714132448_create_hosts.rb],410fb0978dfd6887bb38530aea30550ad8a0186f,0
b8805d4a85530f841ccc059ecfd7db3914e4a2d2,false,[],6f8550f15049a4b5bfa6f2218303083a65f909af,[README],fce2cbc02797f196433fada32be1d6fe0894e860,[app/controllers/hosts_controller.rb@ app/controllers/parameters_controller.rb@ app/helpers/parameters_helper.rb@ app/models/host.rb@ app/models/parameter.rb@ db/migrate/20090804130144_create_parameters.rb@ db/schema.rb@ test/fixtures/parameters.yml@ test/functional/parameters_controller_test.rb@ test/unit/helpers/parameters_helper_test.rb@ test/unit/parameter_test.rb],5ef3aa048fc6400e8f3c0ef0a141e7e8c3987cb2,0
